Riders,Drivers,Category,Loyalty,Time,Vehicle_Type,Past_Rides,Ratings,Duration,Cost
90,45,Urban,Silver,Night,Premium,13,4.47,90,284.257273
58,39,Suburban,Silver,Evening,Economy,72,4.06,43,173.8747527
42,31,Rural,Silver,Afternoon,Premium,0,3.99,76,329.795469
89,28,Rural,Regular,Afternoon,Premium,67,4.31,134,470.2012318
78,22,Rural,Regular,Afternoon,Economy,74,3.77,149,579.6814224
59,35,Urban,Silver,Night,Economy,83,3.51,128,339.9553606
93,43,Suburban,Regular,Afternoon,Premium,44,4.41,16,104.0615413
62,39,Rural,Gold,Afternoon,Premium,83,3.59,47,235.8118636
79,14,Rural,Silver,Evening,Economy,71,3.74,128,501.4125175
42,6,Rural,Silver,Night,Premium,21,3.85,128,398.9933646
86,17,Urban,Regular,Morning,Economy,99,4.69,167,669.2986265
60,38,Rural,Gold,Evening,Premium,15,4.14,144,414.9901047
24,8,Rural,Gold,Morning,Economy,50,4.12,164,490.4107217
36,24,Suburban,Silver,Night,Premium,88,4.22,83,296.242876
63,13,Rural,Regular,Afternoon,Premium,74,4.95,102,327.0888649
39,12,Urban,Silver,Afternoon,Premium,30,4.51,140,445.1368684
38,28,Rural,Silver,Afternoon,Premium,35,3.93,54,244.5361718
46,14,Suburban,Silver,Afternoon,Economy,21,4.71,15,47.31430863
33,7,Suburban,Gold,Evening,Premium,49,4.31,22,129.8082629
31,7,Suburban,Silver,Evening,Premium,24,4.82,87,382.9481103
96,45,Urban,Regular,Afternoon,Premium,6,4.95,11,82.77279318
22,11,Suburban,Silver,Night,Economy,79,4.48,15,64.07117256
74,16,Rural,Regular,Morning,Economy,6,3.97,139,390.6687658
24,12,Urban,Regular,Evening,Premium,10,3.6,45,212.166525
48,19,Suburban,Gold,Night,Premium,72,3.81,65,235.6581337
56,13,Rural,Regular,Evening,Economy,36,4.81,162,406.5574981
72,33,Rural,Gold,Morning,Premium,66,4.39,30,182.4744271
97,75,Urban,Silver,Night,Economy,76,4.7,158,652.6172973
62,33,Suburban,Regular,Evening,Premium,39,3.91,129,403.2270984
57,38,Suburban,Silver,Night,Premium,54,4.1,131,537.7848595
25,7,Suburban,Silver,Morning,Premium,13,3.99,81,286.1314526
75,56,Suburban,Gold,Evening,Premium,94,4.79,153,485.0546633
39,9,Urban,Gold,Afternoon,Premium,39,4.64,48,171.0859835
35,24,Suburban,Gold,Evening,Premium,73,3.76,105,485.8784537
68,32,Suburban,Regular,Morning,Economy,34,3.58,77,294.7328865
96,43,Rural,Silver,Morning,Premium,97,3.68,91,392.8387204
28,11,Suburban,Gold,Afternoon,Premium,52,4.33,94,456.1809468
25,15,Rural,Gold,Evening,Premium,65,4.88,101,502.5293208
28,6,Suburban,Regular,Morning,Economy,2,4.29,89,244.2176617
73,17,Rural,Regular,Evening,Premium,14,4.81,170,634.7265312
36,18,Urban,Silver,Night,Premium,88,3.73,92,345.4067683
56,10,Urban,Silver,Night,Economy,55,4.5,45,151.1521296
97,81,Suburban,Regular,Evening,Economy,52,4.56,125,530.7599939
63,9,Rural,Regular,Afternoon,Premium,89,3.87,166,482.8501642
78,33,Urban,Silver,Morning,Premium,35,4.46,116,355.9595075
29,10,Suburban,Regular,Afternoon,Economy,25,3.77,91,303.9609626
73,33,Suburban,Silver,Night,Premium,60,3.88,161,514.8771742
94,29,Urban,Regular,Evening,Premium,67,3.59,96,361.132355
54,28,Suburban,Silver,Night,Economy,83,4.49,32,80.26246462
67,6,Rural,Gold,Night,Economy,15,3.53,123,420.6239113
23,8,Urban,Silver,Afternoon,Economy,27,4.73,117,520.8926706
70,14,Urban,Silver,Morning,Economy,16,4.3,53,183.075791
20,10,Rural,Silver,Evening,Economy,70,4.92,65,190.1374636
95,84,Suburban,Gold,Afternoon,Premium,18,3.86,112,522.3021029
43,16,Urban,Silver,Night,Premium,40,4.89,106,410.6863449
97,55,Suburban,Silver,Evening,Premium,94,4.62,150,584.9958711
32,20,Rural,Silver,Night,Economy,44,3.55,68,301.6226264
95,25,Suburban,Regular,Morning,Premium,72,4.16,128,413.587084
47,15,Urban,Gold,Night,Economy,14,4.84,89,273.1181046
25,11,Rural,Silver,Night,Economy,33,3.85,94,247.1745627
37,22,Rural,Regular,Afternoon,Economy,76,4.72,69,213.4432508
59,39,Suburban,Gold,Morning,Premium,49,3.78,98,295.7943802
42,20,Urban,Silver,Night,Premium,88,4.64,29,145.0698092
53,11,Rural,Regular,Afternoon,Premium,2,3.5,81,297.0186264
79,64,Rural,Regular,Night,Economy,91,4.57,164,666.6870291
59,23,Urban,Gold,Evening,Premium,41,4.97,91,449.5456339
40,29,Urban,Regular,Afternoon,Economy,72,4.3,147,624.98601
76,40,Suburban,Silver,Morning,Economy,77,4.17,28,96.03520852
41,26,Urban,Regular,Night,Economy,96,3.91,169,637.7593916
83,14,Urban,Regular,Night,Premium,80,4.77,64,295.588711
44,17,Rural,Regular,Evening,Economy,15,4,98,353.3385451
91,73,Urban,Gold,Night,Economy,61,4.39,15,62.25429042
54,16,Suburban,Regular,Afternoon,Premium,8,4.5,67,266.0685899
59,37,Rural,Silver,Night,Premium,86,4.67,95,340.1282671
72,43,Suburban,Gold,Afternoon,Economy,28,4.87,132,443.2581554
47,9,Rural,Gold,Evening,Economy,49,4.44,96,265.0552744
32,22,Rural,Silver,Night,Economy,49,4.65,60,221.4343855
45,13,Rural,Regular,Night,Economy,96,4.84,112,393.2308288
72,45,Urban,Silver,Night,Premium,82,4.42,40,151.5804041
56,15,Urban,Gold,Night,Premium,34,4.72,78,313.9950046
42,22,Rural,Silver,Afternoon,Premium,67,3.81,82,366.1515261
52,14,Suburban,Silver,Afternoon,Premium,87,3.54,98,425.9735688
81,23,Urban,Gold,Evening,Economy,39,4.3,143,359.053128
77,25,Rural,Regular,Afternoon,Premium,70,4.27,52,260.3441798
27,6,Urban,Gold,Night,Economy,2,4.42,86,320.3017092
74,34,Rural,Regular,Morning,Premium,18,4.66,140,454.4921215
92,69,Urban,Silver,Afternoon,Economy,88,4.69,18,45.1150237
77,34,Rural,Gold,Night,Premium,33,4.13,48,223.6621143
66,6,Rural,Regular,Evening,Economy,23,4.2,45,173.1577543
77,39,Urban,Regular,Morning,Economy,23,4.29,167,592.2404996
35,16,Urban,Regular,Afternoon,Premium,31,4.75,113,379.3078104
48,38,Rural,Gold,Evening,Premium,40,3.7,80,360.7111703
61,18,Rural,Gold,Evening,Premium,84,3.93,58,203.4926184
71,21,Suburban,Silver,Afternoon,Premium,82,4.88,126,553.5451308
95,7,Rural,Gold,Evening,Economy,40,4.68,95,283.4664425
76,44,Suburban,Gold,Afternoon,Premium,20,3.56,105,435.1453451
32,13,Suburban,Regular,Afternoon,Economy,21,4.64,156,685.7681265
49,30,Rural,Silver,Evening,Economy,57,4.83,154,630.8608869
38,17,Urban,Silver,Afternoon,Premium,92,4.41,138,546.1568748
92,35,Suburban,Regular,Morning,Economy,46,4.72,45,115.3570025
40,29,Suburban,Silver,Night,Economy,26,4.26,152,404.0498951
55,42,Suburban,Silver,Afternoon,Economy,24,4.49,45,156.0383299
58,34,Rural,Gold,Morning,Premium,19,4.55,131,501.2629551
34,5,Urban,Regular,Evening,Premium,26,4.85,152,562.4369765
70,47,Suburban,Silver,Morning,Premium,3,3.66,53,216.8024751
51,24,Rural,Gold,Afternoon,Premium,25,4.68,16,120.0906902
88,56,Rural,Regular,Afternoon,Economy,11,4.36,60,221.1576533
25,8,Suburban,Silver,Evening,Economy,83,3.53,121,492.7012709
34,19,Rural,Regular,Night,Premium,51,4.2,166,754.23448
40,15,Urban,Regular,Night,Premium,90,3.62,42,211.5277288
26,7,Suburban,Gold,Afternoon,Economy,58,4.91,161,460.7592754
81,42,Suburban,Regular,Afternoon,Economy,88,4.14,47,164.1074735
80,56,Suburban,Gold,Night,Premium,63,4.57,43,213.696213
64,19,Rural,Gold,Night,Premium,86,4.68,171,732.9893961
45,18,Rural,Gold,Morning,Economy,68,4.07,136,350.6012026
84,49,Urban,Regular,Night,Premium,32,4.25,53,192.8798062
34,16,Urban,Silver,Evening,Economy,47,4.12,93,294.1158059
67,32,Suburban,Regular,Afternoon,Premium,40,4.47,13,82.52418775
93,23,Suburban,Silver,Evening,Premium,34,4.23,125,386.1690694
100,51,Urban,Silver,Night,Economy,56,3.58,89,310.9003273
35,22,Suburban,Gold,Morning,Premium,15,4.23,120,373.9628407
36,13,Rural,Silver,Night,Economy,31,4.71,71,221.5511001
28,18,Suburban,Regular,Afternoon,Economy,100,3.7,127,531.112701
21,9,Urban,Gold,Morning,Premium,10,3.88,108,324.9426389
26,15,Urban,Regular,Morning,Premium,35,5,161,493.4068923
97,21,Suburban,Regular,Evening,Premium,59,3.87,174,778.633356
26,15,Urban,Silver,Morning,Premium,10,3.71,171,720.1572086
91,56,Urban,Gold,Night,Economy,17,4.66,10,38.23523524
65,48,Rural,Silver,Afternoon,Premium,12,4.37,140,573.5891065
88,28,Urban,Gold,Night,Premium,22,4.99,154,682.016247
82,13,Suburban,Gold,Night,Economy,32,3.58,148,516.4367273
65,40,Urban,Silver,Evening,Economy,48,3.59,121,492.5196024
41,6,Urban,Silver,Night,Economy,56,4.32,11,49.234784
85,36,Rural,Silver,Evening,Economy,64,4.32,152,506.6928861
35,13,Rural,Silver,Afternoon,Economy,80,3.8,93,304.3133395
83,29,Urban,Silver,Afternoon,Premium,78,4.42,23,111.1793412
91,31,Urban,Regular,Night,Economy,12,4.39,39,163.2145833
44,28,Rural,Regular,Night,Premium,31,4.92,132,402.8569895
96,12,Suburban,Gold,Night,Economy,15,4.97,90,289.2351909
77,46,Suburban,Regular,Afternoon,Premium,97,4.2,25,150.5392948
91,80,Rural,Gold,Night,Economy,74,4.74,46,194.9355593
93,42,Rural,Silver,Morning,Economy,75,4.66,160,674.6485036
41,9,Rural,Silver,Morning,Economy,73,3.51,150,551.557234
61,44,Suburban,Regular,Afternoon,Economy,69,4.54,52,132.2147646
83,10,Urban,Gold,Afternoon,Economy,28,3.91,23,70.11182411
59,22,Rural,Regular,Morning,Premium,79,4.38,93,346.2847096
42,31,Suburban,Gold,Night,Premium,62,4.95,13,102.0447303
81,16,Suburban,Regular,Night,Economy,73,4.89,125,494.1401793
72,19,Rural,Gold,Morning,Premium,89,4.74,45,183.6583147
43,9,Rural,Silver,Morning,Economy,2,4.12,126,436.5576476
74,33,Urban,Silver,Afternoon,Economy,82,4.13,10,31.36208132
68,45,Rural,Silver,Evening,Economy,65,4.19,112,323.4791093
36,13,Urban,Silver,Evening,Premium,84,4.88,140,505.3840569
51,5,Urban,Gold,Afternoon,Premium,0,4.59,92,320.8576216
63,23,Urban,Silver,Evening,Economy,48,4.09,49,214.5660524
96,29,Urban,Regular,Night,Economy,84,3.65,176,758.5015334
94,59,Suburban,Regular,Morning,Premium,84,4.38,175,665.7295341
74,32,Suburban,Regular,Evening,Premium,2,4.7,38,171.0663629
91,13,Rural,Silver,Morning,Premium,32,3.6,160,647.3526381
69,12,Suburban,Regular,Afternoon,Premium,42,4.34,158,608.12824
51,20,Rural,Silver,Night,Economy,57,3.68,67,246.9229249
45,17,Rural,Gold,Night,Premium,10,4.93,148,430.0665305
92,34,Suburban,Regular,Night,Economy,98,3.99,140,396.6387527
69,36,Suburban,Gold,Morning,Economy,55,4.74,109,436.0114486
56,14,Suburban,Silver,Night,Economy,30,3.67,48,202.9454569
43,26,Rural,Regular,Afternoon,Economy,59,4.91,175,731.7816872
86,48,Urban,Silver,Night,Economy,37,4.15,84,216.0505481
61,34,Urban,Gold,Night,Premium,82,3.99,10,83.8683562
50,36,Suburban,Gold,Night,Economy,18,4.61,145,572.2420493
73,34,Urban,Regular,Morning,Premium,95,4.31,21,118.8070474
76,7,Urban,Gold,Morning,Economy,76,4.35,72,245.8935712
87,41,Urban,Regular,Night,Economy,87,4.36,87,387.1117403
53,33,Rural,Regular,Morning,Premium,40,3.8,139,507.9505747
71,8,Suburban,Silver,Night,Economy,57,3.68,75,249.3029746
32,5,Rural,Gold,Night,Economy,80,3.55,14,45.91711193
91,30,Suburban,Gold,Afternoon,Economy,34,3.69,96,424.6120578
47,37,Suburban,Gold,Morning,Economy,64,3.75,31,85.9735753
23,13,Rural,Silver,Night,Economy,42,4.55,87,328.9669926
57,20,Rural,Regular,Morning,Economy,92,3.74,53,172.6294341
48,17,Suburban,Silver,Evening,Economy,2,4.09,85,261.9435329
22,5,Urban,Gold,Evening,Economy,39,4.92,56,199.0416803
60,19,Urban,Silver,Evening,Economy,37,4.22,68,232.2834549
94,42,Rural,Regular,Morning,Premium,0,4.23,36,185.3118381
43,6,Suburban,Silver,Morning,Premium,34,4.4,24,153.7614397
97,18,Suburban,Regular,Night,Premium,53,4.25,26,126.4771353
47,17,Rural,Silver,Morning,Economy,7,4.8,173,609.5038276
39,28,Urban,Silver,Afternoon,Premium,72,3.76,87,287.1624376
50,39,Suburban,Regular,Evening,Premium,94,3.81,139,406.3248065
35,17,Urban,Regular,Evening,Premium,78,4.4,61,249.0371127
28,8,Suburban,Regular,Evening,Premium,69,3.86,175,620.9016916
51,32,Rural,Regular,Morning,Premium,98,4.44,51,267.0607017
54,12,Suburban,Silver,Evening,Premium,84,4.98,172,715.7547931
65,10,Urban,Regular,Afternoon,Economy,77,4.36,170,430.3854879
61,26,Rural,Gold,Morning,Premium,21,3.85,126,604.273047
46,9,Suburban,Silver,Evening,Premium,67,4.22,47,243.5250632
73,50,Urban,Regular,Night,Economy,7,4.22,45,176.2144067
86,49,Urban,Regular,Night,Economy,99,3.51,130,471.4796321
75,7,Suburban,Gold,Morning,Economy,100,4.13,134,453.3769494
39,29,Suburban,Silver,Evening,Economy,12,4.24,97,251.1073065
33,6,Rural,Gold,Night,Premium,90,4.81,139,521.8019208
40,29,Suburban,Silver,Night,Premium,6,4.94,71,346.4926515
54,35,Suburban,Silver,Night,Economy,66,4.4,77,234.0714535
53,26,Urban,Gold,Night,Premium,54,4.6,52,184.0244513
81,34,Urban,Silver,Afternoon,Premium,98,3.55,164,554.8869659
45,20,Urban,Regular,Morning,Economy,80,4.73,63,192.6197724
20,9,Urban,Silver,Evening,Economy,77,3.91,89,227.7965248
47,22,Rural,Silver,Afternoon,Premium,11,4.8,119,416.601649
33,18,Urban,Gold,Evening,Premium,90,3.61,146,671.7128294
78,57,Rural,Silver,Morning,Premium,5,4.82,127,552.6397714
26,12,Rural,Silver,Afternoon,Economy,9,3.75,115,321.3724051
62,21,Rural,Regular,Night,Economy,61,4.57,56,215.4338699
84,59,Suburban,Silver,Morning,Premium,67,4.27,164,758.9961232
49,8,Urban,Regular,Afternoon,Premium,1,4.06,157,694.4247149
34,22,Suburban,Gold,Morning,Economy,34,3.64,176,617.3632185
49,30,Rural,Silver,Afternoon,Premium,86,3.62,69,328.635369
83,50,Rural,Regular,Evening,Premium,7,3.66,100,376.3000601
88,5,Urban,Silver,Night,Economy,89,3.59,27,70.20380337
90,71,Suburban,Gold,Morning,Economy,88,3.84,167,451.684865
65,5,Rural,Silver,Night,Economy,24,3.54,119,301.4039268
73,28,Urban,Silver,Afternoon,Economy,22,4.57,53,153.3960711
85,62,Suburban,Silver,Morning,Economy,54,3.78,114,339.6623042
65,27,Rural,Gold,Night,Premium,62,3.54,162,733.4425367
74,42,Urban,Gold,Evening,Economy,88,3.5,77,203.836381
41,7,Rural,Gold,Evening,Premium,68,4.3,66,284.5088586
79,23,Urban,Gold,Night,Economy,88,3.88,164,492.1134584
53,7,Urban,Silver,Night,Premium,64,4.55,10,86.19117981
35,14,Urban,Silver,Night,Premium,74,5,175,727.8809448
53,40,Rural,Gold,Evening,Premium,79,3.66,30,158.6526416
36,23,Urban,Silver,Morning,Economy,42,4.66,14,44.52503661
38,25,Urban,Regular,Morning,Premium,2,4.24,128,452.4258269
52,36,Rural,Silver,Morning,Premium,1,4.52,36,152.6404792
91,64,Suburban,Regular,Morning,Premium,26,4.56,96,420.2245689
87,5,Urban,Silver,Night,Economy,59,4.32,42,151.3593007
96,20,Suburban,Gold,Evening,Premium,88,3.6,71,242.2719657
83,59,Urban,Gold,Morning,Economy,8,4.85,31,119.0485544
48,23,Rural,Gold,Afternoon,Economy,0,4.46,174,472.5695408
65,19,Suburban,Silver,Evening,Economy,24,4.59,96,334.6493506
79,29,Suburban,Silver,Morning,Economy,0,4.86,127,406.0855257
100,22,Suburban,Silver,Night,Premium,45,4.23,141,551.3651376
73,63,Suburban,Silver,Afternoon,Economy,25,4.19,129,534.0181946
79,67,Rural,Gold,Evening,Premium,56,4.01,151,501.2363001
88,55,Rural,Regular,Night,Premium,56,4,26,159.6069186
76,34,Suburban,Silver,Morning,Economy,10,4.92,103,359.801051
49,30,Suburban,Silver,Night,Economy,80,3.74,85,348.6695625
100,64,Rural,Regular,Night,Premium,7,4.89,115,490.504076
87,26,Rural,Gold,Morning,Premium,63,4.2,118,485.6832395
22,5,Rural,Silver,Evening,Economy,93,4.85,99,424.9275102
21,11,Rural,Silver,Afternoon,Economy,23,3.76,12,40.44289065
93,57,Suburban,Regular,Morning,Premium,34,4.89,80,258.4249153
28,15,Rural,Gold,Night,Premium,90,4.25,177,511.929391
97,7,Urban,Silver,Afternoon,Premium,22,3.74,147,441.746701
48,12,Urban,Silver,Night,Premium,51,4.63,32,175.5180543
70,37,Urban,Silver,Night,Premium,10,3.65,168,658.5834277
78,12,Rural,Silver,Afternoon,Economy,99,4.3,95,299.2909931
25,7,Rural,Regular,Evening,Premium,24,3.85,144,494.8027992
24,9,Urban,Gold,Afternoon,Premium,6,4.05,69,223.519012
92,37,Rural,Silver,Morning,Premium,7,4.92,103,434.5710508
43,33,Rural,Gold,Morning,Premium,16,4.01,159,630.4284013
96,23,Urban,Gold,Morning,Premium,8,4.23,90,445.1254111
88,46,Rural,Gold,Afternoon,Premium,35,4.89,72,361.985521
83,43,Suburban,Regular,Morning,Economy,20,3.59,63,267.2821971
50,29,Urban,Regular,Morning,Economy,2,4.81,143,518.954763
97,75,Urban,Regular,Afternoon,Economy,15,4.94,163,575.4934492
84,24,Suburban,Regular,Afternoon,Economy,39,4.08,86,349.4432162
68,40,Suburban,Silver,Morning,Premium,58,4.64,68,279.2349662
77,30,Urban,Regular,Evening,Premium,99,4.7,179,689.7483155
82,67,Urban,Regular,Afternoon,Economy,13,4.43,33,88.76294359
21,8,Suburban,Gold,Evening,Premium,37,3.71,171,621.7963495
75,24,Rural,Regular,Night,Premium,44,3.79,72,307.6219494
61,9,Urban,Gold,Evening,Premium,74,3.98,32,172.4105313
90,13,Suburban,Regular,Afternoon,Economy,24,3.73,126,444.2453021
100,21,Suburban,Regular,Night,Premium,20,3.52,163,556.8967118
93,31,Suburban,Gold,Afternoon,Premium,13,3.58,101,355.3245755
92,14,Urban,Silver,Morning,Premium,57,3.73,133,474.9977391
61,12,Rural,Gold,Afternoon,Premium,59,4.72,178,581.9712306
53,12,Suburban,Gold,Night,Premium,79,3.6,154,663.4393972
55,21,Urban,Regular,Night,Premium,20,3.56,134,519.4694924
57,45,Rural,Gold,Afternoon,Premium,78,4.43,112,397.6919501
34,8,Suburban,Silver,Afternoon,Premium,51,4.09,130,388.1122299
50,11,Suburban,Silver,Morning,Economy,19,4.87,144,591.100076
35,22,Rural,Silver,Afternoon,Economy,82,3.79,174,586.7988633
43,14,Suburban,Regular,Night,Premium,1,3.53,134,648.9097429
50,25,Suburban,Silver,Night,Economy,19,4.32,176,746.3391325
55,19,Urban,Regular,Morning,Premium,64,4.34,129,555.0976878
93,67,Urban,Silver,Night,Premium,21,4.88,87,417.9131413
94,69,Urban,Silver,Morning,Premium,86,4.12,18,97.80093622
70,60,Urban,Regular,Afternoon,Premium,57,4.05,43,193.089112
36,25,Suburban,Regular,Night,Economy,61,3.64,132,492.4640116
37,9,Suburban,Silver,Morning,Economy,73,4.8,124,408.8156288
68,46,Urban,Gold,Afternoon,Economy,8,4.21,116,364.1617948
77,15,Suburban,Regular,Morning,Economy,47,4.47,66,228.6434979
27,12,Suburban,Silver,Evening,Economy,64,4.7,149,667.946428
90,56,Suburban,Silver,Night,Premium,61,4.38,91,410.342709
46,23,Suburban,Regular,Afternoon,Economy,19,4.92,169,710.4192642
96,80,Urban,Regular,Morning,Economy,47,3.77,70,177.2030658
80,6,Rural,Silver,Night,Economy,43,4.81,24,74.32837978
80,31,Suburban,Silver,Evening,Premium,91,4.61,127,392.3027601
64,25,Suburban,Silver,Afternoon,Premium,85,4.46,37,168.6101943
57,42,Rural,Silver,Afternoon,Premium,36,3.59,167,587.2581373
52,7,Rural,Silver,Night,Economy,57,4.82,180,563.9803273
69,56,Urban,Regular,Night,Premium,73,4.02,116,352.3474983
67,54,Suburban,Regular,Morning,Economy,53,3.67,110,415.3075369
25,7,Rural,Silver,Afternoon,Premium,13,4.07,60,204.2158433
80,35,Rural,Regular,Night,Economy,29,4.49,79,319.6520701
73,6,Suburban,Silver,Night,Premium,5,4.03,71,362.0533307
24,6,Urban,Regular,Afternoon,Premium,65,4.29,106,387.4755378
37,14,Rural,Gold,Evening,Economy,18,4.36,85,348.8532987
27,6,Rural,Regular,Afternoon,Premium,74,4.75,157,732.2985127
23,11,Urban,Regular,Afternoon,Economy,11,4.86,133,343.6721334
42,8,Rural,Gold,Morning,Premium,12,4.79,166,599.7162532
74,39,Urban,Silver,Morning,Economy,11,3.65,173,484.7545389
68,30,Urban,Regular,Night,Premium,28,4.69,134,581.1514566
59,9,Suburban,Silver,Afternoon,Economy,30,4.83,140,603.3651643
89,75,Rural,Silver,Evening,Economy,76,4.39,110,369.8546415
81,35,Suburban,Regular,Night,Economy,45,4.11,174,708.8801421
33,8,Suburban,Regular,Morning,Premium,74,4.52,56,205.8375505
75,28,Urban,Gold,Night,Economy,49,4.46,163,684.5607033
87,48,Suburban,Silver,Morning,Economy,95,4.73,162,453.2541299
56,37,Suburban,Silver,Afternoon,Premium,96,3.83,130,412.584838
75,32,Urban,Silver,Evening,Premium,20,3.69,96,440.4442377
99,54,Rural,Silver,Afternoon,Premium,96,3.77,61,241.6407114
33,16,Rural,Regular,Afternoon,Premium,81,4.08,50,201.2925319
41,28,Rural,Gold,Evening,Premium,89,4.47,45,220.0511403
55,19,Suburban,Silver,Morning,Economy,74,3.51,173,702.913416
93,51,Rural,Silver,Morning,Premium,12,4.98,90,431.4216603
54,35,Urban,Silver,Afternoon,Premium,11,4.49,96,466.8626811
34,20,Urban,Gold,Morning,Premium,21,4.15,158,445.1263612
86,18,Suburban,Silver,Afternoon,Premium,61,4.3,126,441.6378571
85,27,Suburban,Gold,Night,Premium,8,4.11,157,669.5210117
74,5,Suburban,Regular,Night,Economy,80,3.63,134,354.3852115
63,53,Rural,Gold,Afternoon,Economy,33,4.33,175,489.7125243
55,13,Suburban,Silver,Morning,Premium,45,3.71,40,222.568582
100,66,Suburban,Gold,Evening,Premium,27,3.53,106,412.2556068
51,27,Urban,Gold,Evening,Premium,86,3.82,152,472.2157353
37,10,Urban,Silver,Afternoon,Economy,33,4.86,44,179.9398803
99,71,Suburban,Gold,Morning,Premium,3,4.63,100,308.9111533
54,24,Rural,Silver,Evening,Economy,85,3.79,102,306.3142432
30,7,Rural,Gold,Morning,Premium,57,4.27,69,224.4648783
84,56,Urban,Silver,Evening,Premium,71,4.56,15,101.0737865
49,14,Suburban,Silver,Morning,Premium,55,4.43,131,633.4966221
86,10,Urban,Silver,Morning,Economy,98,4.8,18,62.87509274
48,24,Rural,Gold,Afternoon,Economy,17,3.98,29,92.03104706
67,18,Urban,Silver,Morning,Premium,78,3.81,22,106.7358926
100,16,Rural,Gold,Night,Premium,96,3.65,163,560.6703257
79,7,Rural,Silver,Night,Economy,31,4.82,100,322.9000695
99,9,Rural,Silver,Afternoon,Economy,33,4.98,110,292.3393609
34,24,Urban,Silver,Morning,Economy,3,4.41,97,242.751717
54,21,Urban,Silver,Evening,Premium,23,4.44,136,442.7796306
77,43,Suburban,Regular,Afternoon,Premium,73,4.07,131,505.5467165
80,21,Urban,Regular,Morning,Premium,85,4.21,146,474.9171618
74,54,Urban,Regular,Afternoon,Premium,16,4.35,147,617.4346784
57,38,Urban,Regular,Morning,Premium,31,3.97,64,294.8553699
97,66,Urban,Silver,Evening,Premium,90,3.6,150,717.467322
52,14,Suburban,Gold,Evening,Premium,97,4.83,66,266.977217
51,37,Rural,Regular,Afternoon,Economy,34,4.64,100,383.3711771
87,52,Urban,Gold,Night,Economy,15,3.57,66,266.4336179
91,42,Suburban,Silver,Morning,Economy,76,4.96,86,336.3943924
85,34,Rural,Regular,Morning,Premium,66,4.59,163,764.8593556
57,21,Rural,Silver,Night,Economy,28,4.93,141,588.6941798
28,8,Urban,Regular,Afternoon,Premium,67,3.78,58,305.2426677
58,30,Urban,Regular,Night,Economy,32,4.14,75,256.3738037
31,9,Rural,Gold,Morning,Premium,18,4.42,114,461.0193486
27,11,Suburban,Gold,Evening,Premium,88,4.5,144,581.7472844
90,75,Urban,Gold,Afternoon,Economy,88,4.1,106,472.5465909
54,8,Suburban,Regular,Morning,Economy,41,3.89,168,573.4835718
23,9,Suburban,Silver,Evening,Premium,50,3.84,34,192.3850222
94,64,Urban,Regular,Night,Economy,62,4.87,166,744.0359811
86,20,Suburban,Silver,Morning,Premium,51,3.75,110,412.2574631
79,55,Suburban,Regular,Morning,Economy,91,4.39,48,189.560565
73,13,Urban,Regular,Night,Economy,93,3.95,90,357.0434722
74,23,Urban,Regular,Morning,Premium,45,4.07,99,417.1740954
26,11,Urban,Gold,Morning,Premium,10,4.22,69,314.8447103
99,30,Urban,Regular,Morning,Premium,74,4.21,160,629.9546011
80,42,Urban,Gold,Night,Economy,85,4.22,131,473.561754
78,35,Rural,Regular,Evening,Premium,5,4.35,100,317.8809578
63,6,Urban,Gold,Evening,Premium,29,4.79,24,132.4992195
25,8,Rural,Regular,Night,Economy,30,4.44,115,430.785851
100,50,Urban,Regular,Evening,Economy,20,4.14,127,350.2265836
46,8,Urban,Silver,Afternoon,Economy,32,4.81,112,466.4274793
59,29,Urban,Regular,Night,Economy,90,4.3,145,651.730389
21,11,Rural,Gold,Morning,Premium,18,4.2,49,266.3480732
64,7,Rural,Silver,Evening,Economy,48,4.67,64,266.3853768
52,22,Suburban,Gold,Morning,Premium,72,3.6,101,303.8032264
100,56,Suburban,Silver,Evening,Economy,67,4.2,169,461.9661914
83,72,Rural,Regular,Night,Premium,25,4.62,45,201.0575406
89,10,Rural,Silver,Afternoon,Premium,36,4.12,13,94.21444739
100,37,Rural,Silver,Afternoon,Economy,47,4.7,142,546.8574477
71,7,Urban,Gold,Morning,Premium,31,4.83,60,292.7468301
94,26,Suburban,Regular,Afternoon,Premium,0,3.94,40,150.9060377
52,23,Urban,Regular,Evening,Economy,41,4.23,134,534.9066334
27,15,Urban,Silver,Afternoon,Economy,31,4.95,103,315.265403
88,62,Urban,Regular,Afternoon,Economy,62,4.82,162,601.2360266
48,38,Suburban,Silver,Night,Premium,64,4.97,152,701.469573
53,35,Suburban,Regular,Morning,Premium,1,3.67,88,392.0078846
31,12,Suburban,Gold,Night,Economy,34,4.7,105,331.8375249
56,34,Suburban,Silver,Afternoon,Economy,1,4.56,121,307.5259291
48,35,Rural,Gold,Morning,Economy,47,4.26,26,68.271745
93,66,Suburban,Silver,Night,Economy,22,3.91,180,765.4397486
49,18,Rural,Silver,Afternoon,Economy,62,4.92,62,168.3662892
72,33,Rural,Gold,Evening,Economy,63,4.25,132,351.773619
62,11,Suburban,Gold,Morning,Premium,37,4.23,71,363.345753
39,15,Suburban,Regular,Evening,Premium,53,4.6,38,201.7146763
67,56,Urban,Gold,Afternoon,Premium,49,4.22,23,121.439999
88,15,Urban,Regular,Afternoon,Economy,39,4.51,137,598.7750233
29,16,Urban,Silver,Morning,Premium,75,4.11,80,371.1242881
100,24,Urban,Silver,Night,Economy,88,4.49,56,173.6669675
98,43,Suburban,Gold,Morning,Economy,62,4.98,130,538.518528
35,10,Rural,Gold,Night,Economy,40,3.54,75,281.962567
58,14,Rural,Gold,Morning,Economy,10,3.77,95,258.0144597
22,7,Urban,Gold,Morning,Premium,53,4.43,98,476.2019962
84,37,Suburban,Regular,Night,Economy,94,3.83,28,124.6455032
91,14,Suburban,Silver,Night,Premium,19,4.78,19,111.1127149
56,29,Urban,Gold,Afternoon,Economy,67,4.49,125,421.8171879
97,21,Rural,Regular,Evening,Premium,36,3.72,23,134.0510145
57,47,Urban,Gold,Morning,Economy,26,3.8,30,132.4032477
94,27,Suburban,Silver,Night,Premium,100,3.6,172,547.9814624
84,6,Suburban,Gold,Morning,Economy,24,3.74,68,281.9682458
40,11,Rural,Silver,Night,Premium,1,4.24,35,182.4663214
65,36,Suburban,Silver,Night,Premium,20,4.39,87,313.7742266
35,22,Urban,Silver,Afternoon,Premium,28,4.88,116,422.886661
40,30,Urban,Regular,Evening,Premium,67,4.03,143,529.6967147
61,45,Urban,Silver,Evening,Economy,6,4.99,10,25.99344945
50,14,Urban,Gold,Night,Premium,98,3.52,109,351.5699575
98,25,Suburban,Silver,Afternoon,Economy,30,4.76,60,154.6871597
54,37,Suburban,Regular,Afternoon,Premium,41,4.69,16,106.5920823
37,13,Rural,Regular,Afternoon,Economy,31,4.66,35,132.1665679
78,41,Urban,Silver,Afternoon,Economy,12,4.99,22,76.22496122
84,21,Rural,Gold,Afternoon,Economy,88,3.5,146,598.94004
44,32,Suburban,Silver,Afternoon,Premium,51,4.2,168,563.1508996
25,11,Urban,Silver,Night,Economy,92,3.91,115,310.1546163
38,13,Urban,Gold,Evening,Premium,38,4.46,28,145.1375686
85,25,Urban,Silver,Morning,Economy,21,4.03,73,323.5576858
31,13,Suburban,Gold,Evening,Economy,87,4.04,11,31.56567616
67,6,Rural,Regular,Evening,Premium,25,4.45,31,144.4626376
77,11,Rural,Silver,Night,Premium,70,3.82,63,252.4930471
32,11,Suburban,Silver,Afternoon,Premium,30,3.53,32,146.5127744
71,30,Rural,Regular,Evening,Premium,60,4.83,156,501.80135
65,38,Urban,Regular,Morning,Premium,13,4.77,132,610.7325515
64,29,Urban,Silver,Night,Premium,66,3.79,37,194.2623994
48,38,Urban,Silver,Afternoon,Economy,45,4.17,87,318.210126
76,42,Rural,Gold,Morning,Economy,95,3.93,180,512.6251102
76,53,Urban,Regular,Afternoon,Premium,77,3.67,179,555.8919188
71,14,Suburban,Silver,Night,Economy,8,4.44,76,242.1588608
76,9,Urban,Silver,Evening,Economy,64,4.16,10,41.40499128
51,14,Rural,Gold,Night,Premium,16,3.51,30,180.8865537
88,38,Rural,Gold,Evening,Premium,29,3.73,167,537.8971059
60,24,Rural,Gold,Afternoon,Premium,5,3.79,154,556.6629286
73,55,Rural,Regular,Afternoon,Economy,55,4.2,52,158.5563431
23,10,Urban,Silver,Afternoon,Economy,80,3.88,22,59.4454065
74,27,Suburban,Silver,Morning,Premium,51,3.75,111,334.1449975
49,6,Suburban,Gold,Night,Premium,18,4.41,148,443.7750198
31,8,Rural,Gold,Night,Economy,7,3.57,35,145.2420374
57,46,Rural,Regular,Morning,Economy,42,4.39,56,210.6317666
64,19,Suburban,Regular,Afternoon,Economy,35,4.02,39,152.2291926
86,76,Suburban,Regular,Night,Economy,84,4.99,149,612.4467268
54,28,Suburban,Regular,Morning,Premium,73,3.56,51,250.2858824
85,37,Rural,Gold,Night,Premium,10,3.76,61,309.0825447
58,15,Rural,Regular,Night,Premium,14,4.76,12,94.1609177
96,27,Rural,Gold,Night,Premium,21,4.37,57,243.9373065
58,31,Suburban,Silver,Evening,Premium,32,4.87,85,331.1930539
77,45,Suburban,Silver,Morning,Economy,88,4.16,151,595.2312212
93,73,Rural,Regular,Night,Premium,78,3.81,106,465.9626816
44,11,Rural,Regular,Afternoon,Premium,56,3.83,18,104.7520101
20,10,Rural,Regular,Morning,Premium,54,4.12,168,784.055126
70,40,Suburban,Regular,Evening,Economy,9,3.77,130,382.9299379
42,12,Rural,Gold,Afternoon,Economy,92,4.5,123,319.2967131
87,33,Rural,Regular,Evening,Economy,53,4.15,143,640.1373391
70,43,Suburban,Gold,Morning,Economy,47,4.31,57,243.4933854
61,15,Urban,Gold,Afternoon,Economy,29,4.49,32,135.0058741
71,36,Suburban,Silver,Morning,Economy,69,4.37,110,392.9639433
81,33,Suburban,Regular,Afternoon,Premium,41,4.93,162,617.2885001
87,64,Rural,Silver,Evening,Premium,69,4.55,65,310.7883995
85,65,Suburban,Regular,Afternoon,Premium,73,4.65,165,770.0708908
91,65,Urban,Regular,Evening,Economy,40,3.58,141,373.5047076
83,57,Rural,Silver,Night,Premium,80,4.6,172,814.4195559
64,10,Suburban,Gold,Morning,Premium,75,3.61,155,473.3466933
69,22,Rural,Silver,Night,Premium,25,4.41,74,266.7677789
37,12,Rural,Silver,Evening,Economy,15,3.73,142,369.3616589
93,28,Urban,Silver,Evening,Economy,63,3.9,38,111.7239412
66,49,Rural,Gold,Afternoon,Economy,42,4.56,124,429.9483561
47,36,Rural,Silver,Morning,Economy,100,4.2,103,414.7783003
71,30,Rural,Regular,Evening,Premium,45,4.16,53,227.18257
58,19,Urban,Silver,Evening,Economy,47,3.97,77,247.4420018
100,18,Suburban,Silver,Morning,Premium,50,4.89,51,213.8232969
94,28,Urban,Regular,Night,Economy,59,4.45,173,652.587891
49,6,Rural,Silver,Night,Premium,23,4.65,69,289.6463054
42,7,Rural,Gold,Evening,Economy,90,3.67,32,123.7624693
79,63,Urban,Gold,Evening,Premium,56,4.66,70,292.5906289
59,5,Rural,Gold,Evening,Premium,17,4.97,143,440.9395108
54,7,Urban,Regular,Night,Economy,91,3.75,97,298.3226184
60,6,Rural,Silver,Morning,Economy,65,4.76,168,629.2044296
26,13,Suburban,Silver,Night,Premium,4,3.63,123,441.9961924
90,10,Rural,Silver,Morning,Premium,59,4.44,147,691.5012906
34,12,Suburban,Silver,Afternoon,Economy,38,4.18,24,106.9485906
80,34,Suburban,Silver,Night,Economy,84,3.8,174,561.438522
21,7,Rural,Regular,Morning,Premium,58,4.31,75,328.4583569
97,71,Suburban,Silver,Evening,Economy,52,4.32,36,133.3873831
64,7,Suburban,Regular,Evening,Premium,92,4.58,16,114.6992021
47,34,Rural,Gold,Evening,Premium,16,4.38,46,237.143389
44,28,Rural,Gold,Evening,Premium,30,3.93,42,157.1065717
21,9,Suburban,Gold,Evening,Economy,13,4.01,127,431.2515977
57,37,Urban,Gold,Evening,Economy,59,3.92,159,585.8075882
62,5,Rural,Silver,Afternoon,Economy,51,4.4,160,647.2043749
25,6,Urban,Gold,Evening,Premium,60,3.91,145,559.5788398
92,33,Suburban,Silver,Evening,Premium,70,3.69,46,173.1505323
38,7,Rural,Gold,Night,Economy,46,3.79,78,198.1704675
99,31,Urban,Silver,Morning,Economy,0,3.54,50,192.7088692
35,7,Rural,Regular,Night,Economy,65,4.19,65,165.0758242
30,13,Urban,Gold,Night,Premium,53,3.68,124,379.4680329
28,6,Urban,Gold,Night,Premium,53,4.48,148,461.1095538
59,47,Rural,Silver,Night,Economy,73,3.54,75,234.5672446
24,13,Urban,Silver,Night,Premium,50,4.26,141,540.0620307
21,6,Suburban,Regular,Evening,Premium,15,3.81,80,318.8415033
84,54,Suburban,Silver,Afternoon,Premium,59,4.98,43,196.3151415
100,50,Urban,Silver,Morning,Premium,83,4.91,173,622.4914304
30,11,Urban,Silver,Evening,Economy,99,4.96,83,349.6745279
45,35,Rural,Regular,Afternoon,Premium,0,4.58,41,206.1473319
53,35,Urban,Gold,Afternoon,Premium,35,3.92,166,635.9330545
65,41,Rural,Gold,Night,Premium,51,3.57,48,251.1121418
93,6,Rural,Silver,Night,Economy,85,4.47,107,324.0987674
28,5,Rural,Regular,Morning,Premium,69,4.49,132,425.4887348
38,8,Urban,Silver,Night,Economy,78,3.57,114,470.2690237
25,6,Urban,Regular,Evening,Premium,69,4.45,94,398.051726
76,23,Rural,Regular,Night,Premium,64,3.57,115,564.931725
22,7,Suburban,Gold,Morning,Premium,73,4.91,73,238.3189915
40,5,Rural,Silver,Afternoon,Economy,17,4.55,72,184.9552256
89,16,Suburban,Regular,Afternoon,Economy,27,4.86,161,624.305616
31,21,Suburban,Silver,Afternoon,Economy,77,4.83,107,389.3845083
92,45,Rural,Silver,Morning,Premium,59,4.23,121,574.8939389
58,32,Urban,Gold,Afternoon,Premium,92,4.59,111,517.944462
58,20,Rural,Silver,Evening,Economy,42,3.51,125,527.1792012
36,7,Suburban,Regular,Morning,Economy,26,4.35,59,201.4968308
66,40,Rural,Regular,Evening,Economy,93,4.86,153,627.016751
76,54,Urban,Regular,Evening,Economy,58,4.05,74,218.6251779
55,23,Urban,Gold,Afternoon,Premium,46,4.58,150,654.6765363
21,8,Urban,Regular,Night,Premium,57,4.78,84,293.5602166
61,45,Rural,Gold,Afternoon,Economy,42,4.25,102,421.985262
72,62,Suburban,Regular,Evening,Economy,48,3.82,126,553.7408049
65,18,Rural,Gold,Morning,Economy,65,4.01,111,330.62431
20,8,Rural,Silver,Morning,Economy,27,4.99,83,261.4451503
22,7,Suburban,Silver,Night,Economy,16,4.1,147,520.0637873
72,49,Suburban,Gold,Night,Premium,15,4.34,19,117.6332781
42,30,Urban,Regular,Afternoon,Economy,26,4.79,138,493.0149509
100,54,Suburban,Regular,Night,Premium,91,4.59,61,203.1132957
87,32,Suburban,Silver,Afternoon,Economy,38,4.76,114,421.7762985
36,8,Urban,Gold,Afternoon,Economy,47,4.07,77,305.0088859
70,38,Urban,Silver,Morning,Economy,99,4.19,76,317.7718882
41,7,Urban,Gold,Night,Economy,4,4.15,83,364.9140561
59,40,Rural,Gold,Night,Economy,64,4.72,157,398.3194964
33,14,Urban,Regular,Morning,Economy,38,4.89,127,461.3060121
70,26,Urban,Silver,Night,Premium,15,3.67,70,358.2348071
45,7,Rural,Regular,Evening,Economy,87,4.35,74,224.3071068
98,71,Suburban,Regular,Morning,Economy,83,4.55,139,558.3815496
75,63,Urban,Gold,Evening,Premium,42,4.55,138,660.4425623
100,34,Rural,Gold,Night,Economy,33,4.75,156,537.4486717
76,23,Urban,Silver,Evening,Economy,53,3.94,117,480.1043704
32,12,Urban,Silver,Morning,Economy,69,3.68,55,162.2831045
35,23,Suburban,Gold,Afternoon,Economy,58,3.78,164,638.0445145
30,16,Suburban,Gold,Afternoon,Economy,89,3.63,142,420.111098
75,56,Urban,Regular,Evening,Premium,66,3.69,22,124.4906005
25,6,Rural,Regular,Morning,Premium,23,3.95,55,235.2781176
88,16,Suburban,Gold,Morning,Economy,26,4.18,32,127.3314901
43,26,Rural,Silver,Evening,Economy,69,4.9,107,391.0269904
39,20,Rural,Silver,Morning,Economy,97,4.25,121,319.5430197
77,63,Suburban,Gold,Morning,Economy,72,4.56,113,380.2853708
41,14,Suburban,Silver,Morning,Premium,59,4.72,49,179.6234225
51,20,Rural,Silver,Morning,Economy,97,4.8,130,452.1126401
30,10,Suburban,Gold,Evening,Economy,86,4.95,149,565.6691466
29,8,Urban,Gold,Afternoon,Premium,52,4.68,121,402.1558776
21,5,Rural,Gold,Afternoon,Premium,8,4.44,159,689.84216
50,15,Suburban,Regular,Night,Economy,62,4.51,83,307.6469281
61,42,Rural,Gold,Night,Economy,11,3.72,52,186.5262771
67,5,Suburban,Silver,Morning,Premium,81,4.53,14,91.06777716
73,22,Suburban,Regular,Night,Economy,26,4.99,33,143.8549861
35,18,Urban,Gold,Morning,Economy,27,3.82,158,553.8373591
96,58,Urban,Silver,Morning,Economy,25,3.61,85,336.5684837
38,28,Urban,Gold,Morning,Economy,8,4.83,29,95.02020686
75,28,Urban,Gold,Evening,Premium,6,4.02,171,575.0117219
57,26,Suburban,Silver,Afternoon,Premium,92,4.11,58,264.6757476
36,10,Rural,Gold,Night,Economy,65,3.54,53,185.6179239
73,27,Rural,Gold,Evening,Economy,98,3.97,57,251.1556503
68,29,Rural,Gold,Evening,Economy,51,3.99,110,299.6890563
25,9,Rural,Gold,Night,Economy,11,3.58,31,92.65681121
97,25,Urban,Regular,Night,Premium,95,4.91,101,332.2293764
30,7,Rural,Regular,Evening,Economy,85,3.74,44,184.1120897
83,7,Suburban,Gold,Morning,Premium,24,4.9,24,124.5817745
27,5,Rural,Gold,Evening,Economy,2,4.3,22,60.98181722
58,21,Suburban,Gold,Afternoon,Economy,72,4.14,10,35.88598786
32,15,Urban,Gold,Evening,Premium,67,3.76,23,132.1230188
76,8,Urban,Gold,Afternoon,Economy,40,4.68,157,561.5796822
21,9,Suburban,Regular,Morning,Economy,38,4.54,179,546.3787899
47,37,Urban,Gold,Night,Economy,53,4.69,41,147.4597413
33,20,Suburban,Regular,Morning,Premium,97,4.13,169,668.892214
92,66,Rural,Silver,Evening,Economy,26,3.56,19,62.06928479
24,7,Rural,Silver,Afternoon,Premium,34,3.51,111,477.7411362
75,9,Rural,Gold,Night,Economy,71,4.06,150,411.0057654
89,76,Urban,Gold,Night,Premium,35,4.8,177,650.2985712
67,20,Urban,Regular,Evening,Economy,42,4.13,68,243.2286176
61,23,Suburban,Silver,Evening,Premium,51,4.73,150,680.9330686
80,67,Rural,Regular,Night,Economy,80,4.74,147,432.3072577
66,15,Suburban,Gold,Night,Economy,62,4.59,161,720.7299449
39,12,Suburban,Regular,Morning,Premium,54,3.77,176,510.454375
46,22,Urban,Regular,Morning,Economy,9,4.33,128,522.7974319
89,74,Rural,Silver,Morning,Premium,41,4.89,115,432.1627923
60,16,Urban,Gold,Night,Premium,56,4.33,126,382.4570671
58,13,Rural,Regular,Morning,Premium,99,3.62,106,351.4393159
68,16,Urban,Silver,Morning,Premium,93,4.44,154,510.1957863
45,19,Suburban,Silver,Night,Economy,71,3.72,121,313.9264406
91,61,Suburban,Gold,Night,Economy,100,4.88,101,372.229822
39,12,Urban,Regular,Morning,Premium,70,4.02,66,314.4680085
97,9,Rural,Gold,Evening,Premium,58,4.32,142,491.5779539
42,18,Suburban,Silver,Afternoon,Economy,39,3.94,128,527.1558944
27,15,Urban,Gold,Evening,Economy,11,3.77,111,432.8493969
67,48,Rural,Regular,Evening,Premium,94,4.3,168,544.6027808
69,51,Urban,Regular,Night,Premium,75,3.57,136,470.1827135
69,47,Urban,Regular,Night,Economy,65,4.22,18,53.53910401
93,18,Suburban,Gold,Afternoon,Economy,34,3.54,80,352.0685727
84,74,Suburban,Regular,Afternoon,Premium,7,4.4,101,396.3698341
96,48,Urban,Gold,Morning,Economy,41,4.39,130,367.7829981
30,13,Suburban,Gold,Night,Premium,72,4.18,113,352.9356731
60,48,Suburban,Regular,Morning,Economy,15,4.06,78,339.1055826
72,39,Urban,Regular,Night,Premium,39,3.77,115,347.8959667
31,13,Suburban,Regular,Morning,Economy,82,4.63,108,469.2509136
71,13,Rural,Silver,Night,Premium,60,4.3,62,213.8430201
91,61,Rural,Silver,Morning,Premium,86,4.44,129,567.5392185
91,60,Rural,Gold,Evening,Premium,2,3.53,107,492.1790132
32,6,Urban,Silver,Afternoon,Economy,13,4.75,53,173.8874745
23,10,Suburban,Gold,Evening,Economy,47,4.84,125,418.1068244
61,47,Suburban,Silver,Night,Premium,100,4.58,157,658.3040013
57,40,Urban,Regular,Afternoon,Economy,78,3.62,171,764.5953414
89,70,Suburban,Gold,Afternoon,Economy,86,4.51,90,384.209292
64,45,Rural,Gold,Night,Premium,22,3.96,118,404.6018875
91,29,Urban,Regular,Afternoon,Premium,82,3.73,90,446.8170258
91,53,Suburban,Gold,Night,Economy,67,4.56,50,158.1067232
69,37,Suburban,Regular,Evening,Premium,47,4.39,60,284.2362895
71,61,Suburban,Regular,Afternoon,Economy,79,3.85,147,591.2989763
38,7,Rural,Silver,Evening,Economy,28,3.85,12,36.00027803
100,32,Suburban,Regular,Evening,Premium,67,3.94,162,581.1370846
65,51,Suburban,Gold,Night,Premium,97,4.81,144,588.1367699
73,38,Urban,Regular,Evening,Premium,91,4.23,86,400.267333
56,25,Suburban,Regular,Evening,Premium,87,3.73,172,575.4102708
75,55,Rural,Silver,Morning,Economy,80,4.7,69,190.9788527
97,21,Urban,Regular,Afternoon,Premium,43,3.79,106,398.1593839
94,71,Rural,Regular,Night,Premium,48,4.73,169,770.8733245
53,22,Urban,Silver,Afternoon,Premium,28,4.99,64,211.082023
81,8,Rural,Silver,Afternoon,Premium,78,4.8,141,618.4288567
47,34,Rural,Silver,Morning,Premium,87,3.53,170,739.22712
80,48,Suburban,Regular,Night,Economy,13,4.44,35,128.7410739
75,55,Rural,Gold,Night,Premium,54,4.73,145,584.49173
89,12,Urban,Silver,Afternoon,Economy,42,4.73,102,328.3139822
30,13,Rural,Gold,Afternoon,Economy,8,4.1,94,274.6803754
64,5,Rural,Gold,Evening,Premium,91,4.34,21,108.2430435
55,29,Suburban,Gold,Morning,Economy,92,4.85,44,181.7809396
94,76,Suburban,Gold,Morning,Premium,26,4.7,94,405.3179545
53,28,Urban,Gold,Evening,Economy,6,3.67,178,775.7916852
29,7,Suburban,Regular,Morning,Economy,68,3.98,114,289.1296809
29,17,Urban,Silver,Morning,Economy,76,3.61,166,674.1328476
75,42,Suburban,Silver,Afternoon,Economy,38,4.25,146,479.1199534
74,53,Suburban,Regular,Night,Economy,60,3.93,162,676.4404324
89,75,Urban,Silver,Evening,Economy,10,4.91,16,54.44953819
29,13,Suburban,Gold,Evening,Premium,44,4.29,87,267.740417
40,20,Rural,Silver,Evening,Premium,45,4.42,130,445.4842486
79,11,Urban,Regular,Night,Premium,1,4.35,45,210.2567597
98,87,Urban,Gold,Afternoon,Premium,87,4.28,170,603.8458025
95,76,Urban,Regular,Night,Economy,74,4.39,118,464.9915827
79,13,Rural,Gold,Evening,Premium,67,4.05,151,514.9363492
38,22,Suburban,Regular,Night,Premium,18,4.17,121,450.5387531
83,41,Suburban,Silver,Evening,Economy,48,3.64,176,741.3443926
59,24,Suburban,Regular,Afternoon,Premium,40,4,147,631.631297
51,11,Suburban,Regular,Afternoon,Economy,72,3.62,16,71.21364105
64,46,Rural,Silver,Evening,Premium,51,5,29,144.6013825
30,6,Rural,Regular,Evening,Economy,93,3.81,129,505.9219688
60,15,Suburban,Regular,Afternoon,Economy,95,4.84,180,726.3339146
75,51,Rural,Regular,Afternoon,Premium,17,4.83,79,283.4132788
25,15,Suburban,Regular,Afternoon,Premium,88,4.68,31,148.1864882
46,31,Suburban,Gold,Morning,Economy,67,3.53,61,158.5920931
48,11,Urban,Regular,Night,Economy,86,3.55,15,57.89462608
51,6,Rural,Gold,Morning,Economy,64,4.57,34,142.5577269
68,23,Suburban,Gold,Morning,Economy,96,4.77,105,359.1281131
89,8,Suburban,Silver,Morning,Economy,18,3.83,121,407.5520588
84,55,Suburban,Regular,Afternoon,Economy,1,4.47,146,487.3991192
50,8,Rural,Regular,Evening,Premium,25,3.8,13,89.61312852
99,40,Urban,Gold,Evening,Premium,26,4.83,151,510.6580782
21,9,Urban,Gold,Morning,Economy,91,4.82,47,171.6271186
53,19,Suburban,Silver,Evening,Economy,54,3.84,132,520.5653406
60,16,Urban,Gold,Night,Economy,68,4.23,108,458.0963268
32,22,Suburban,Silver,Night,Premium,9,4.68,135,530.1491564
51,25,Rural,Regular,Evening,Premium,21,4.43,38,200.2582591
22,5,Urban,Regular,Night,Premium,75,4.39,19,128.0167602
21,7,Rural,Regular,Afternoon,Premium,6,4.96,180,836.1164186
55,21,Rural,Silver,Morning,Economy,49,4.59,111,471.0890519
42,31,Rural,Gold,Night,Economy,32,4.75,12,50.64017558
86,26,Rural,Silver,Afternoon,Economy,31,3.69,85,263.1611767
48,18,Rural,Silver,Afternoon,Premium,60,4.47,124,524.1655595
82,65,Urban,Gold,Night,Premium,43,4.8,112,330.2265438
63,48,Rural,Regular,Morning,Economy,88,4.09,70,212.7407519
44,24,Urban,Regular,Night,Economy,83,3.61,13,48.92895254
39,18,Suburban,Gold,Afternoon,Economy,78,4.21,165,734.395119
23,7,Rural,Gold,Morning,Economy,98,4.35,76,281.3395023
31,7,Rural,Silver,Morning,Premium,27,4.73,141,476.2898578
44,7,Rural,Regular,Night,Premium,55,3.66,103,490.3421583
23,5,Urban,Gold,Night,Economy,92,3.71,105,363.4447759
63,46,Urban,Silver,Morning,Economy,36,4.59,18,49.83993576
25,15,Urban,Gold,Morning,Premium,15,4.18,176,516.829559
27,11,Rural,Regular,Night,Economy,1,4.34,99,262.6864664
57,28,Urban,Gold,Afternoon,Economy,27,4.58,107,423.5098574
83,26,Suburban,Gold,Night,Premium,77,3.62,74,373.9756358
80,5,Suburban,Regular,Evening,Premium,53,3.67,48,184.2429447
50,40,Rural,Silver,Evening,Premium,61,4.7,73,319.1109829
84,8,Rural,Gold,Night,Economy,21,4.63,172,549.2008068
90,54,Rural,Regular,Afternoon,Premium,1,3.59,87,427.8571629
28,9,Urban,Silver,Evening,Premium,68,4.82,43,164.3163905
97,64,Rural,Silver,Morning,Premium,62,3.52,152,638.1340202
99,22,Suburban,Silver,Morning,Economy,7,4.4,39,131.4435872
96,53,Rural,Regular,Afternoon,Economy,58,4.28,21,55.6373708
88,69,Rural,Gold,Evening,Premium,89,3.6,107,467.9274949
53,17,Rural,Silver,Afternoon,Premium,78,4.03,26,120.2471929
28,14,Rural,Silver,Afternoon,Economy,77,3.58,98,374.6551828
59,21,Rural,Regular,Afternoon,Premium,97,3.6,67,269.4441402
50,27,Suburban,Gold,Morning,Premium,100,4.22,173,685.6696936
89,8,Urban,Gold,Morning,Premium,40,3.59,151,528.0024896
83,34,Urban,Silver,Evening,Premium,96,4.71,176,812.0729939
73,14,Urban,Gold,Evening,Economy,28,4.31,29,118.9730584
76,35,Suburban,Regular,Afternoon,Premium,8,4.89,138,406.5899108
56,35,Rural,Silver,Morning,Economy,33,3.97,47,134.7758295
40,20,Rural,Regular,Afternoon,Economy,11,4.4,83,343.79852
27,6,Urban,Silver,Night,Premium,92,3.73,125,460.2837625
32,7,Urban,Regular,Morning,Economy,79,4.05,83,306.3904612
48,24,Urban,Silver,Night,Premium,35,4.2,51,251.4211394
71,41,Urban,Gold,Afternoon,Premium,31,3.81,140,614.6367132
53,6,Rural,Silver,Night,Economy,74,4.12,76,231.1651668
87,44,Rural,Silver,Evening,Premium,61,3.87,16,117.7636645
36,16,Urban,Regular,Afternoon,Premium,82,4.62,72,253.4912438
39,20,Rural,Gold,Morning,Economy,71,4.11,111,404.5983992
91,81,Rural,Gold,Evening,Premium,15,4.68,20,135.1772701
31,18,Urban,Regular,Night,Economy,46,4.86,128,360.8585507
94,67,Suburban,Silver,Night,Premium,34,4.64,64,231.3263185
83,18,Urban,Gold,Morning,Economy,12,4.98,81,286.4092944
34,9,Urban,Silver,Afternoon,Premium,65,4.69,107,508.7118175
32,6,Rural,Gold,Morning,Premium,75,4.47,154,721.7212691
22,7,Urban,Gold,Evening,Premium,15,3.53,180,552.2693747
49,20,Rural,Silver,Afternoon,Premium,52,4.74,162,510.6268914
61,38,Urban,Silver,Night,Economy,95,3.5,164,415.9794524
21,9,Urban,Gold,Afternoon,Premium,48,4.4,152,660.059708
40,18,Urban,Silver,Afternoon,Premium,16,4.59,157,644.0445755
22,6,Urban,Silver,Morning,Premium,82,4.3,172,710.8843138
34,11,Suburban,Gold,Morning,Economy,66,4.59,134,478.2001536
56,31,Rural,Silver,Afternoon,Premium,9,4.79,167,744.4180992
93,36,Urban,Gold,Afternoon,Economy,60,4.63,111,478.7697584
38,9,Suburban,Gold,Morning,Premium,57,4.26,16,104.0560727
76,26,Suburban,Silver,Evening,Premium,74,4.18,159,486.1839276
47,24,Suburban,Silver,Night,Premium,11,3.62,148,657.0936874
64,10,Urban,Silver,Evening,Economy,62,4.98,38,96.30074138
56,10,Rural,Gold,Afternoon,Economy,28,3.8,144,609.9082747
44,25,Rural,Silver,Night,Premium,32,4.43,154,502.1012063
34,6,Rural,Regular,Morning,Economy,11,3.75,179,465.7190585
45,18,Suburban,Silver,Night,Economy,70,3.84,122,308.4359179
31,7,Rural,Regular,Afternoon,Premium,22,4.88,172,806.0212702
95,28,Rural,Regular,Evening,Economy,34,4.48,163,576.967572
82,59,Rural,Regular,Night,Premium,39,3.5,67,284.2944207
95,38,Urban,Silver,Afternoon,Premium,39,3.71,97,478.3662772
27,12,Suburban,Silver,Evening,Economy,1,4.93,41,119.4824
94,23,Suburban,Regular,Night,Premium,71,4.15,154,532.5097779
66,15,Urban,Silver,Evening,Premium,88,4.21,65,291.9008795
40,6,Rural,Gold,Afternoon,Premium,37,4.75,148,707.8553932
56,27,Suburban,Silver,Evening,Premium,62,4.74,129,435.7154538
54,6,Suburban,Gold,Morning,Economy,48,4.26,154,504.0841142
46,15,Suburban,Silver,Morning,Premium,96,4.69,116,497.3770093
65,16,Suburban,Silver,Evening,Premium,82,3.62,146,460.8002859
96,48,Urban,Gold,Night,Economy,11,4.19,79,272.4960776
47,9,Suburban,Gold,Night,Economy,88,4.06,93,246.9535423
20,7,Urban,Silver,Night,Economy,55,4.43,153,482.7422075
94,57,Suburban,Regular,Afternoon,Economy,13,4.04,60,205.4957596
52,30,Suburban,Silver,Night,Economy,25,3.67,142,531.6062153
71,6,Suburban,Gold,Afternoon,Economy,48,4.05,157,550.9983737
46,8,Rural,Gold,Evening,Premium,39,3.97,123,396.9586998
53,40,Urban,Regular,Night,Economy,13,3.79,118,318.2115758
26,11,Urban,Regular,Morning,Economy,97,3.64,141,427.0550612
100,46,Suburban,Gold,Afternoon,Economy,74,3.74,171,448.3128535
74,38,Urban,Regular,Evening,Economy,95,5,167,455.4083399
53,5,Rural,Gold,Night,Premium,100,4.46,33,179.1708197
75,63,Urban,Gold,Afternoon,Economy,24,4.18,29,104.1858826
44,9,Suburban,Regular,Morning,Premium,54,4.2,13,91.67748869
76,60,Suburban,Regular,Evening,Premium,81,3.6,72,264.0857364
88,18,Suburban,Silver,Evening,Economy,80,4.83,109,424.6569323
54,35,Rural,Gold,Evening,Premium,95,4.98,61,218.9504185
49,30,Urban,Regular,Afternoon,Premium,7,3.97,77,248.1703336
25,8,Urban,Silver,Afternoon,Economy,11,4,109,422.4367392
36,18,Suburban,Gold,Afternoon,Economy,15,4.21,86,280.5240757
42,25,Suburban,Silver,Morning,Premium,44,4.99,122,565.9834811
29,14,Rural,Gold,Night,Premium,2,4.69,180,828.2131346
52,16,Urban,Silver,Morning,Economy,63,4.13,49,132.8468058
37,6,Rural,Gold,Evening,Economy,59,4.73,20,86.17345484
91,17,Rural,Gold,Afternoon,Premium,21,4.84,149,545.3868063
29,8,Rural,Silver,Morning,Premium,79,4.26,133,531.0619846
62,45,Rural,Regular,Afternoon,Premium,87,4.74,20,108.6023565
69,7,Urban,Regular,Afternoon,Premium,51,4.56,103,462.6630441
32,14,Suburban,Silver,Afternoon,Premium,80,3.56,80,254.9510771
78,31,Urban,Gold,Evening,Premium,6,3.78,64,271.012665
53,10,Rural,Silver,Evening,Economy,10,3.58,168,424.4884285
60,50,Suburban,Silver,Afternoon,Premium,54,4.57,38,151.7772865
97,58,Urban,Gold,Morning,Premium,1,4.11,83,383.0749064
87,77,Urban,Gold,Night,Premium,12,3.56,11,97.78450586
74,20,Rural,Silver,Night,Economy,68,4.36,32,119.5940733
90,58,Urban,Gold,Afternoon,Premium,1,4.7,21,126.5727707
21,8,Rural,Regular,Afternoon,Premium,69,4.24,176,829.5343799
70,35,Urban,Silver,Night,Premium,35,4.9,108,418.8153495
37,7,Suburban,Regular,Evening,Economy,1,3.92,62,233.2131028
30,11,Rural,Gold,Night,Premium,93,3.56,155,701.1414725
64,22,Urban,Regular,Evening,Premium,26,4.24,115,388.7296675
40,23,Urban,Silver,Night,Economy,6,3.96,178,528.6080729
28,18,Urban,Gold,Afternoon,Premium,100,3.62,92,382.0384386
85,19,Rural,Gold,Morning,Economy,17,3.69,164,587.3312643
92,77,Urban,Gold,Night,Economy,100,4.26,47,167.7398193
93,56,Suburban,Regular,Evening,Premium,56,4.65,86,304.8360145
36,25,Rural,Regular,Afternoon,Economy,26,3.57,122,354.154098
94,50,Suburban,Regular,Night,Premium,88,4.95,49,250.4603273
27,8,Rural,Gold,Afternoon,Economy,48,4.18,167,495.2197782
86,41,Rural,Regular,Morning,Premium,96,4.5,68,301.5483736
22,11,Rural,Regular,Evening,Economy,39,4.63,101,433.0345436
95,56,Rural,Silver,Morning,Premium,86,3.79,147,671.4712089
99,89,Urban,Silver,Afternoon,Economy,63,4.84,16,49.71329086
22,8,Rural,Regular,Morning,Economy,4,4.84,122,408.12977
100,85,Suburban,Silver,Evening,Economy,59,4.46,110,329.4837131
61,38,Rural,Silver,Evening,Premium,100,4.34,78,383.3178042
33,18,Suburban,Gold,Night,Economy,7,4.01,105,313.068157
39,22,Rural,Gold,Evening,Premium,63,3.87,170,706.6896359
37,5,Urban,Silver,Evening,Premium,75,3.88,26,142.6153122
95,53,Suburban,Silver,Afternoon,Premium,6,4.01,158,708.8224028
28,6,Suburban,Gold,Afternoon,Premium,54,4.03,168,593.065918
66,17,Urban,Gold,Night,Economy,84,4.47,139,604.3834015
60,11,Suburban,Gold,Evening,Economy,18,4.29,26,100.2582627
94,34,Suburban,Gold,Afternoon,Premium,99,4.54,155,685.7612505
63,12,Urban,Silver,Evening,Premium,54,4.47,140,446.4130123
38,8,Suburban,Silver,Night,Premium,59,4.44,75,291.1079368
35,21,Suburban,Silver,Morning,Premium,13,4.14,36,193.6423939
83,64,Suburban,Gold,Evening,Economy,78,4.01,109,304.52613
62,14,Rural,Silver,Morning,Premium,33,4.23,85,386.8349333
88,48,Urban,Gold,Night,Economy,52,4.52,92,230.8325858
68,11,Rural,Silver,Evening,Economy,89,3.66,93,333.9106727
84,64,Urban,Regular,Evening,Premium,34,4.13,99,353.8098039
40,10,Urban,Regular,Night,Premium,60,3.87,79,293.1981343
93,20,Urban,Regular,Afternoon,Premium,38,4.78,144,447.0830688
57,44,Urban,Gold,Evening,Economy,78,3.53,153,584.888885
67,16,Suburban,Gold,Evening,Premium,24,4.52,150,488.1872512
68,16,Urban,Silver,Night,Economy,91,4.49,77,246.7577555
38,22,Urban,Gold,Morning,Premium,60,3.6,104,312.1731588
49,28,Urban,Silver,Evening,Premium,61,3.9,172,576.2811193
98,59,Urban,Regular,Morning,Economy,55,4.6,100,381.3912054
47,9,Suburban,Gold,Morning,Economy,38,4.06,141,543.7702542
27,11,Urban,Regular,Evening,Premium,97,4.78,137,472.5224038
59,29,Urban,Regular,Night,Premium,68,4.4,88,286.0589701
56,20,Urban,Regular,Evening,Economy,74,4.05,25,88.95619552
50,39,Urban,Gold,Morning,Premium,62,3.95,135,646.9811779
93,37,Urban,Gold,Night,Economy,37,4.75,76,292.9246564
46,22,Rural,Regular,Morning,Economy,97,3.51,100,395.7698468
56,19,Suburban,Silver,Evening,Premium,16,4.46,86,279.6798101
37,16,Suburban,Gold,Evening,Economy,8,4.5,46,192.5029774
85,58,Urban,Regular,Night,Premium,85,4.1,92,351.7702933
27,7,Urban,Regular,Morning,Premium,89,3.6,120,555.4019371
44,16,Rural,Silver,Night,Premium,31,3.96,122,395.378157
75,51,Suburban,Regular,Afternoon,Premium,68,3.65,66,261.5103068
21,11,Urban,Gold,Morning,Economy,46,3.84,103,397.5648404
42,29,Suburban,Silver,Morning,Premium,67,4.59,153,735.2764383
25,15,Suburban,Silver,Night,Premium,100,4.9,94,289.4570095
67,46,Suburban,Regular,Morning,Economy,92,4.72,32,97.67500136
29,6,Suburban,Silver,Afternoon,Economy,24,4.37,50,197.4639216
100,70,Urban,Gold,Night,Premium,42,4.9,167,762.8822843
37,10,Suburban,Gold,Afternoon,Economy,27,4.26,143,512.4493927
31,14,Urban,Gold,Night,Premium,37,4.3,103,484.4661864
49,12,Suburban,Silver,Afternoon,Premium,30,4.37,84,353.0184088
42,19,Rural,Regular,Evening,Premium,56,4.84,144,539.7316715
61,5,Rural,Regular,Morning,Economy,48,4.15,29,114.1636548
24,7,Suburban,Gold,Night,Economy,85,4.36,169,521.408046
20,10,Rural,Regular,Evening,Premium,18,4.28,123,450.3878805
22,9,Urban,Silver,Evening,Premium,36,4.51,10,82.69156896
98,87,Suburban,Regular,Afternoon,Economy,59,4.26,13,34.57409278
30,14,Urban,Silver,Afternoon,Economy,64,4.45,147,535.1718879
32,13,Urban,Regular,Evening,Premium,75,4.56,111,333.4011668
22,12,Urban,Silver,Night,Premium,49,4.88,35,179.8388199
62,8,Urban,Silver,Night,Premium,13,4.2,65,241.9912178
51,27,Urban,Gold,Night,Economy,8,4.31,92,369.3803924
85,74,Suburban,Regular,Evening,Premium,82,3.92,177,704.3001292
28,9,Urban,Silver,Night,Premium,26,3.95,114,466.9720738
93,70,Suburban,Silver,Evening,Economy,21,3.81,12,41.12164472
36,9,Suburban,Silver,Night,Premium,53,4.46,127,404.0297998
80,22,Rural,Gold,Morning,Economy,17,4.4,141,423.754418
60,24,Rural,Regular,Morning,Premium,18,4.16,45,165.7246625
97,45,Urban,Silver,Morning,Premium,90,3.71,151,578.8213878
53,14,Suburban,Silver,Afternoon,Premium,24,3.99,161,707.4493979
79,22,Rural,Silver,Evening,Premium,53,3.96,126,542.809573
44,24,Urban,Silver,Afternoon,Premium,55,4.08,137,513.9900767
34,12,Suburban,Regular,Night,Premium,3,4.83,62,298.35562
55,12,Urban,Silver,Morning,Premium,96,4.66,48,183.2701657
49,29,Suburban,Regular,Evening,Premium,35,4.8,160,468.3069202
72,54,Rural,Regular,Afternoon,Economy,68,3.85,74,220.4983368
72,27,Urban,Gold,Morning,Premium,76,3.97,70,265.9466151
99,6,Suburban,Gold,Afternoon,Economy,49,4.32,113,311.4894374
21,10,Rural,Regular,Morning,Economy,22,4.42,151,647.8477765
50,25,Urban,Silver,Afternoon,Economy,89,4.74,107,383.914142
61,35,Rural,Silver,Morning,Premium,4,4.77,115,557.9161858
24,5,Rural,Silver,Night,Premium,57,4.96,70,228.7960084
31,17,Rural,Silver,Evening,Premium,71,4.46,55,237.7686221
35,20,Suburban,Regular,Afternoon,Economy,62,3.55,117,297.0874039
74,30,Urban,Regular,Evening,Economy,97,3.9,179,794.3231511
94,61,Urban,Regular,Evening,Premium,12,4.95,133,563.8497972
44,11,Rural,Silver,Afternoon,Premium,31,3.92,110,339.2870735
84,37,Urban,Gold,Evening,Premium,3,3.83,69,248.9476554
27,12,Suburban,Regular,Morning,Premium,39,4.51,55,279.2686999
59,36,Suburban,Regular,Evening,Premium,43,3.74,25,145.0422383
82,20,Urban,Regular,Night,Premium,59,3.99,45,241.8259565
24,10,Urban,Gold,Morning,Premium,24,4.09,97,430.6098548
84,67,Suburban,Regular,Night,Economy,48,4.87,81,219.9937068
52,9,Suburban,Regular,Morning,Economy,24,4.19,102,366.7282586
38,12,Rural,Silver,Evening,Economy,44,4.85,110,356.8814026
26,12,Urban,Regular,Afternoon,Economy,80,4.27,134,441.4714773
61,39,Suburban,Regular,Morning,Premium,82,4.49,46,230.1431448
87,41,Rural,Gold,Afternoon,Premium,97,4.27,37,158.89198
98,46,Suburban,Gold,Evening,Economy,55,4.71,173,766.9193242
24,13,Urban,Silver,Morning,Economy,54,4.09,161,466.7229822
44,8,Urban,Gold,Night,Economy,43,3.82,86,233.5066238
71,59,Urban,Regular,Evening,Economy,71,4.47,31,104.1037338
91,59,Urban,Silver,Night,Economy,68,4.77,15,38.33576819
32,14,Urban,Gold,Night,Economy,75,4.49,177,761.0167601
79,24,Urban,Silver,Evening,Economy,0,4.26,82,284.8625063
73,27,Urban,Regular,Morning,Premium,55,4.27,50,216.0601959
32,16,Rural,Silver,Morning,Economy,80,4.78,11,39.3737012
22,10,Rural,Silver,Morning,Premium,5,4.44,129,471.7821019
35,19,Urban,Silver,Afternoon,Economy,45,4.99,159,508.6730025
24,10,Suburban,Regular,Night,Economy,79,4.3,24,95.11851082
67,31,Rural,Gold,Night,Economy,64,3.62,169,735.1444901
100,73,Urban,Silver,Night,Premium,95,3.98,100,456.603073
66,16,Urban,Silver,Morning,Economy,94,4.52,34,122.2418752
96,36,Urban,Regular,Evening,Premium,57,4.06,139,599.8171406
60,8,Urban,Regular,Morning,Premium,68,4.84,144,438.5186068
92,31,Rural,Silver,Night,Premium,54,3.91,148,516.1330392
92,49,Urban,Silver,Evening,Premium,9,4.23,89,397.4831041
56,37,Urban,Silver,Afternoon,Premium,27,4.12,68,317.8400261
88,71,Rural,Regular,Afternoon,Premium,42,4.87,109,330.7836403
87,47,Rural,Silver,Morning,Premium,6,4.54,162,743.3166378
85,6,Suburban,Gold,Afternoon,Economy,92,4.11,73,274.1712773
98,54,Rural,Regular,Evening,Premium,34,4.57,113,462.4075929
28,14,Rural,Regular,Afternoon,Economy,24,4.2,147,533.0802632
36,9,Suburban,Silver,Night,Premium,22,3.51,37,143.2178422
20,8,Suburban,Silver,Night,Premium,38,4.82,155,574.9456425
94,36,Rural,Regular,Morning,Economy,41,4.57,76,215.7417616
94,82,Suburban,Gold,Morning,Premium,48,4.92,20,129.7685299
70,7,Urban,Regular,Afternoon,Economy,13,4.09,117,321.0007658
90,71,Suburban,Regular,Morning,Premium,37,3.51,32,172.592775
42,10,Urban,Silver,Night,Premium,56,4.01,95,455.2097852
44,18,Suburban,Gold,Night,Premium,88,3.67,50,199.8397441
60,16,Suburban,Regular,Evening,Economy,28,3.91,105,281.0970651
26,5,Rural,Silver,Afternoon,Premium,7,4.75,140,413.5480019
79,13,Rural,Regular,Afternoon,Economy,6,4.63,38,134.0943259
26,8,Rural,Gold,Night,Premium,65,3.58,89,378.5039616
62,7,Urban,Silver,Morning,Premium,2,4.71,28,162.0535855
42,16,Rural,Gold,Morning,Economy,33,3.63,166,513.1161278
57,16,Urban,Regular,Afternoon,Economy,0,3.95,97,308.6385555
33,13,Rural,Gold,Morning,Economy,34,4.78,66,239.0885465
22,10,Rural,Regular,Morning,Economy,26,4.97,170,562.1650161
67,44,Urban,Regular,Morning,Economy,27,4.69,129,467.0198949
62,15,Suburban,Silver,Night,Economy,15,4.28,73,327.4333417
95,49,Rural,Regular,Night,Premium,92,4.27,99,332.0936161
61,36,Urban,Silver,Night,Premium,72,4.64,109,457.0853189
48,12,Rural,Silver,Night,Economy,25,4.26,180,552.8162271
93,59,Rural,Regular,Afternoon,Premium,30,4.11,89,281.0521289
59,18,Urban,Gold,Morning,Economy,67,3.86,98,288.345153
95,73,Urban,Regular,Evening,Premium,20,3.59,138,666.824206
71,33,Suburban,Regular,Evening,Premium,4,4.88,109,436.0192373
20,7,Suburban,Gold,Morning,Premium,71,3.83,51,248.2203068
23,7,Urban,Gold,Afternoon,Premium,96,3.97,165,493.233884
80,69,Suburban,Silver,Night,Economy,94,4.44,74,291.5110821
58,10,Urban,Gold,Night,Premium,51,4.27,138,459.0606515
71,25,Urban,Gold,Evening,Economy,72,4.46,169,603.9358824
69,26,Rural,Gold,Evening,Premium,48,4.28,175,502.6040622
89,54,Suburban,Gold,Afternoon,Economy,48,4.38,24,74.78832689
84,62,Urban,Silver,Afternoon,Economy,52,4.61,29,126.2308115
98,61,Urban,Silver,Night,Economy,91,4.28,95,319.9423796
95,25,Urban,Gold,Morning,Economy,26,3.62,81,207.6129192
79,29,Rural,Silver,Night,Economy,29,4.22,99,304.7441779
82,10,Urban,Silver,Night,Economy,97,4.43,177,481.7658793
87,5,Rural,Gold,Evening,Economy,6,3.76,28,83.33537482
83,35,Rural,Gold,Night,Premium,3,4.32,116,513.6451022
47,9,Rural,Regular,Night,Premium,5,4.81,178,561.3748775
34,7,Urban,Silver,Night,Premium,54,4.71,149,516.5111729
26,13,Rural,Regular,Morning,Economy,14,4.19,174,666.4286806
88,7,Rural,Gold,Night,Premium,11,3.64,130,573.2085394
57,26,Rural,Regular,Evening,Premium,92,3.8,67,283.7979252
45,17,Rural,Silver,Afternoon,Economy,67,4.7,15,66.78323719
82,26,Urban,Gold,Morning,Economy,35,4.71,114,289.2390325
54,39,Rural,Gold,Evening,Economy,88,4.59,42,147.4263866
95,24,Suburban,Gold,Afternoon,Economy,79,3.5,130,552.2304431
63,31,Suburban,Silver,Evening,Premium,2,3.81,160,632.5601419
43,18,Urban,Gold,Evening,Economy,58,4.22,156,494.7452575
33,14,Suburban,Regular,Evening,Premium,87,4.81,17,118.9865334
33,23,Urban,Gold,Morning,Premium,24,4.21,11,91.38952597
84,29,Urban,Regular,Morning,Premium,92,4.55,94,424.1559867
44,6,Suburban,Gold,Night,Premium,80,4.13,40,157.3648303
53,27,Suburban,Regular,Night,Premium,78,3.63,58,279.0950483
78,63,Rural,Gold,Afternoon,Economy,14,4.21,147,655.0651055
